{"camera_matrix": [525.08783, 0.0, 340.829224, 0.0, 524.478088, 255.226487, 0.0, 0.0, 1.0], "distort_vec": [-0.011761, -0.069188, -5.2e-05, 0.000897, 0.154654], "camera_height": 480, "camera_width": 640, "pose": [0.4383109401539312, 0.3821139417028347, 0.21242172381853902, 0.36128002382278035, -0.9324573686698022, 0.0, 0.0], "obj_path": "/home/lar/ros/provadlo3ds_ws/src/dlo3ds/utilities/blender_rendering/data_models/dlo_0/dlo_0_r_20.obj"}