{"camera_matrix": [525.08783, 0.0, 340.829224, 0.0, 524.478088, 255.226487, 0.0, 0.0, 1.0], "distort_vec": [-0.011761, -0.069188, -5.2e-05, 0.000897, 0.154654], "camera_height": 480, "camera_width": 640, "pose": [0.7349255306564859, 0.07906340369983128, 0.2628341806812746, 0.6871820132978612, -0.7264852927622817, 0.0, 0.0], "obj_path": "/home/alessio/ros/shape3d_ws/src/DLO3DS/utilities/blender_rendering/data_models/dlo_5/dlo_5_r_35.obj"}